[
    {
        "id": "1",
        "titulo": "Barbie: a Fashion Fairytale",
        "imagem": "https://img.betaseries.com/kcAe59PjxKe5Vyn9A78YqKsfRKo=/600x900/smart/https%3A%2F%2Fpictures.betaseries.com%2Ffilms%2Faffiches%2Foriginal%2F13394.jpg",
        "sinopse": "Em um conto de fadas fashion, Barbie viaja a Paris para salvar o ateliê de moda da sua tia, que está prestes a ser fechado.",
        "lancamento": "14 de setembro de 2010.",
        "diretor" : "William Lau"
    },
    {
        "id": "2",
        "titulo": "Cisne Negro",
        "imagem": "https://prod-ripcut-delivery.disney-plus.net/v1/variant/star/DDA8A69EBE195EE5619A340515CBFE995D1631A3A980B71BB6C3996505BC6E1D/scale?width=506&aspectRatio=2.00&format=jpeg",
        "sinopse": "Nina é uma bailarina cuja obsessão pela dança supera todas as facetas de sua vida. Quando o diretor artístico da companhia decide substituir sua prima ballerina para a produção de estreia de O Lago dos Cisnes, Nina é sua primeira escolha. Sua concorrente é a novata Lily. Embora Nina seja perfeita para o papel do Cisne Branco, Lily personifica o Cisne Negro. A rivalidade entre as duas bailarinas se transforma em uma amizade distorcida e o lado obscuro de Nina começa a vir à tona.",
        "lancamento": "1 de setembro de 2010.",
        "diretor": "Darren Aronofsky"
    },
    {
        "id": "3",
        "titulo": "Starstruck: Meu Namorado É uma Superestrela",
        "imagem": "https://img.betaseries.com/X6A5iq-6T4CuKEUZzerOAkwWB1U=/600x900/smart/https%3A%2F%2Fpictures.betaseries.com%2Ffilms%2Faffiches%2Foriginal%2F11120.jpg",
        "sinopse": "A jovem Jessica Olsen viaja para Los Angeles. Enquanto ela deseja encontrar com os seus avós e sua irmã, sonha em encontrar Christopher Wilde, mas algo inesperado acontece e ela conhece o rapaz. Eles partem em uma aventura pela cidade e começam a gostar um do outro. Porém quando a menina volta para casa, ela vê Christopher dizendo em uma rede nacional de TV que nunca a conheceu.",
        "lancamento": "14 de fevereiro de 2010.",
        "diretor": " Michael Grossman"
    }
  ]