[
    {
        "id": "1",
        "titulo": "Avatar: O Caminho da Água",
        "imagem": "https://s2.glbimg.com/T4CRp2Bwz6QyXh-3IfI-XzHjgvk=/e.glbimg.com/og/ed/f/original/2022/08/23/fa27tr6usaaajx1.jpg",
        "sinopse": "Após formar uma família, Jake Sully e Ney'tiri fazem de tudo para ficarem juntos. No entanto, eles devem sair de casa e explorar as regiões de Pandora quando uma antiga ameaça ressurge, e Jake deve travar uma guerra difícil contra os humanos.",
        "lancamento": "15 de dezembro de 2022.",
        "diretor" : "James Cameron."
    },
    {
        "id": "2",
        "titulo": "Continência ao Amor",
        "imagem": "https://m.media-amazon.com/images/I/61O+fuT4fGL.jpg",
        "sinopse": "Uma cantora se casa por conveniência com um militar que está prestes a ir para a guerra, mas uma tragédia transforma esse relacionamento de fachada em realidade.",
        "lancamento": "29 de julho de 2022",
        "diretor": "Elizabeth Allen Rosenbaum"
    },
    {
        "id": "3",
        "titulo": "Top Gun: Maverick",
        "imagem": "https://upload.wikimedia.org/wikipedia/pt/d/d2/Top_Gun_Maverick.jpg",
        "sinopse": "Depois de mais de 30 anos de serviço como um dos principais aviadores da Marinha, Pete Maverick Mitchell está de volta, rompendo os limites como um piloto de testes corajoso. No mundo contemporâneo das guerras tecnológicas, Maverick enfrenta drones e prova que o fator humano ainda é essencial.",
        "lancamento": "26 de maio de 2022",
        "diretor": " Joseph Kosinski"
    },
    {
        "id": "4",
        "titulo": "Doutor Estranho no Multiverso da Loucura",
        "imagem": "https://upload.wikimedia.org/wikipedia/pt/thumb/0/08/Doctor_Strange_in_the_Multiverse_of_Madness_poster.jpeg/250px-Doctor_Strange_in_the_Multiverse_of_Madness_poster.jpeg",
        "sinopse": "O aguardado filme trata da jornada do Doutor Estranho rumo ao desconhecido. Além de receber ajuda de novos aliados místicos e outros já conhecidos do público, o personagem atravessa as realidades alternativas incompreensíveis e perigosas do Multiverso para enfrentar um novo e misterioso adversário.",
        "lancamento": "6 de maio de 2022.",
        "diretor": "Sam Raimi"
    },
    {
    "id": "5",
    "titulo": "Pantera Negra: Wakanda Para Sempre",
    "imagem": "https://s2.glbimg.com/CV473j0T17G1kNT369lbJ_jJKSE=/0x0:743x1100/984x0/smart/filters:strip_icc()/i.s3.glbimg.com/v1/AUTH_ba3db981e6d14e54bb84be31c923b00c/internal_photos/bs/2022/A/A/tUlOuNRDGBdBhUaBgGtg/wakanda.png",
    "sinopse": "Rainha Ramonda, Shuri, M'Baku, Okoye e Dora Milaje lutam para proteger sua nação das potências mundiais intervenientes após a morte do rei T'Challa.",
    "lancamento": "10 de novembro de 2022",
    "diretor": "Ryan Coogler"
    }
]